{
  "configVersion": 1,
  "timestamp": 1687943056992,
  "index": "/index.html",
  "assetGroups": [
    {
      "name": "app",
      "installMode": "prefetch",
      "updateMode": "prefetch",
      "cacheQueryOptions": {
        "ignoreVary": true
      },
      "urls": [
        "/favicon.ico",
        "/index.html",
        "/main.038ec6f0e2c5fb1d.js",
        "/manifest.webmanifest",
        "/polyfills.20d2fb2030e2afe4.js",
        "/runtime.0682c561872ac003.js",
        "/styles.85d4a21e2ad6b789.css"
      ],
      "patterns": []
    },
    {
      "name": "assets",
      "installMode": "lazy",
      "updateMode": "prefetch",
      "cacheQueryOptions": {
        "ignoreVary": true
      },
      "urls": [
        "/apple-touch-icon.png",
        "/assets/logo.png",
        "/assets/ngx-rocket-logo.png",
        "/assets/ngx-rocket-logo@192.png",
        "/assets/the-future.png",
        "/fa-brands-400.5f7c5bb77eae788b.ttf",
        "/fa-brands-400.9210030c21e68a90.woff2",
        "/fa-regular-400.02ad4ff91ef84f65.woff2",
        "/fa-regular-400.570a165b064c1468.ttf",
        "/fa-solid-900.0b5caff7ad4bc179.ttf",
        "/fa-solid-900.3eae9857c06e9372.woff2"
      ],
      "patterns": []
    }
  ],
  "dataGroups": [],
  "hashTable": {
    "/apple-touch-icon.png": "229df2094cc590088de00ea97a1eb4e4493101d2",
    "/assets/logo.png": "1aec5f55d651015a6effdb4009e903ba6fd8fe33",
    "/assets/ngx-rocket-logo.png": "0ac53fd27406fe5a36e68285315fb0012e54058e",
    "/assets/ngx-rocket-logo@192.png": "461b730f9c6dc818f8af9acbe62dfde24dc02d7a",
    "/assets/the-future.png": "0ebc1fc396472e05d1f71be1294c9383f72c9c72",
    "/fa-brands-400.5f7c5bb77eae788b.ttf": "f0982a77285d53653845b0a78170b4688db972f1",
    "/fa-brands-400.9210030c21e68a90.woff2": "4350f9ba93384634faf35f41c503c99c767f1069",
    "/fa-regular-400.02ad4ff91ef84f65.woff2": "fb363d27cfdfe71a243fa2ac3dab2815232b9b7e",
    "/fa-regular-400.570a165b064c1468.ttf": "67afa6237670ab99125056f2899129f22912dcf3",
    "/fa-solid-900.0b5caff7ad4bc179.ttf": "20bd663830188cbadd2264e1daf9497c3ffc3621",
    "/fa-solid-900.3eae9857c06e9372.woff2": "6b99aa650bd12a36caa14e0127435d8f4cd3ba73",
    "/favicon.ico": "8ba606a891638d3a9f01dfee10167d05d6d87cba",
    "/index.html": "e85d76a21014e7a88e60a28ddafee44c83735f21",
    "/main.038ec6f0e2c5fb1d.js": "9b814e69f952c3185cc2febb758c2192f28ad90f",
    "/manifest.webmanifest": "40b21b439a4781a0c45e85c4b605b98866eb230f",
    "/polyfills.20d2fb2030e2afe4.js": "65ddd56ba630cf0c3082a2f74a3b5e73e634990a",
    "/runtime.0682c561872ac003.js": "f5fc9d1a47307cd895963e7a6805fac2d42385e8",
    "/styles.85d4a21e2ad6b789.css": "850e8789027273f3befd65b5df97a5eb2c2f5934"
  },
  "navigationUrls": [
    {
      "positive": true,
      "regex": "^\\/.*$"
    },
    {
      "positive": false,
      "regex": "^\\/(?:.+\\/)?[^/]*\\.[^/]*$"
    },
    {
      "positive": false,
      "regex": "^\\/(?:.+\\/)?[^/]*__[^/]*$"
    },
    {
      "positive": false,
      "regex": "^\\/(?:.+\\/)?[^/]*__[^/]*\\/.*$"
    }
  ],
  "navigationRequestStrategy": "performance"
}